{
  "_format": "hh-sol-cache-2",
  "files": {
    "C:\\Users\\USER\\P2Teach-frontend\\contracts\\P2Teach.sol": {
      "lastModificationDate": 1746660454052,
      "contentHash": "97b4c65676b8b79e66a196648d4fb7e9",
      "sourceName": "contracts/P2Teach.sol",
      "solcConfig": {
        "version": "0.8.20",
        "settings": {
          "evmVersion": "paris",
          "optimizer": {
            "enabled": false,
            "runs": 200
          },
          "outputSelection": {
            "*": {
              "*": [
                "abi",
                "evm.bytecode",
                "evm.deployedBytecode",
                "evm.methodIdentifiers",
                "metadata"
              ],
              "": [
                "ast"
              ]
            }
          }
        }
      },
      "imports": [],
      "versionPragmas": [
        "^0.8.20"
      ],
      "artifacts": [
        "P2Teach"
      ]
    }
  }
}
